datetime,ba,noc,lmt,nwsa,goog,alle,navi,cash,commission,total,returns,equity_curve
2013-06-03,0.0,0.0,0.0,0.0,0.0,0.0,0.0,10000000.0,0.0,10000000.0,,
2013-06-04,0.0,0.0,0.0,0.0,0.0,0.0,0.0,10000000.0,0.0,10000000.0,0.0,1.0
2013-06-05,3295835.756035424,3294194.540194757,3286223.6762689976,0.0,0.0,0.0,0.0,170.97999999905005,-26.849999999999998,9876424.952499177,-0.012357504750082238,0.9876424952499178
2013-06-06,3338054.856013799,3326653.7587565547,3311056.600774809,0.0,0.0,0.0,0.0,170.97999999905005,-26.849999999999998,9975936.195545163,0.010075633999608868,0.9975936195545164
2013-06-07,3429701.1949912477,3392404.483535581,3405752.8195569683,0.0,0.0,0.0,0.0,170.97999999905005,-26.849999999999998,10228029.478083797,0.02527013781936649,1.0228029478083798
2013-06-10,3421120.0771094644,3386994.6137752817,3383899.845991855,0.0,0.0,0.0,0.0,170.97999999905005,-26.849999999999998,10192185.5168766,-0.0035044835648939676,1.0192185516876602
2013-06-11,3404644.33077644,3355783.82669663,3361384.661106586,0.0,0.0,0.0,0.0,170.97999999905005,-26.849999999999998,10121983.798579656,-0.006887798321635996,1.0121983798579657
2013-06-12,3375811.7746936474,3341218.792726593,3395819.6497546444,0.0,0.0,0.0,0.0,170.97999999905005,-26.849999999999998,10113021.197174884,-0.0008854589755448172,1.0113021197174885
2013-06-13,3418374.119387294,3351206.2445917614,3424956.9478414627,0.0,0.0,0.0,0.0,170.97999999905005,-26.849999999999998,10194708.291820519,0.008077417524691155,1.0194708291820518
2013-06-14,3407390.288498611,3352038.532247192,3416679.3063395256,0.0,0.0,0.0,0.0,170.97999999905005,-26.849999999999998,10176279.107085329,-0.0018077206534664603,1.0176279107085329
2013-06-17,3447549.9201853587,3384081.6069812747,3434559.01198371,0.0,0.0,0.0,0.0,170.97999999905005,-26.849999999999998,10266361.519150343,0.008852195494745585,1.0266361519150342
2013-06-18,3482904.1258583074,3394485.202674159,3453100.9289480485,0.0,0.0,0.0,0.0,170.97999999905005,-26.849999999999998,10330661.237480514,0.006263145731837838,1.0330661237480512
2013-06-19,3421463.3218247374,3356199.9705243465,3392177.487493792,0.0,0.0,0.0,0.0,170.97999999905005,-26.849999999999998,10170011.759842874,-0.015550744908253256,1.0170011759842872
2013-06-20,3334279.164145816,3315001.7315805256,3332247.363019768,0.0,0.0,0.0,0.0,170.97999999905005,-26.849999999999998,9981699.238746108,-0.01851645067317753,0.9981699238746106
2013-06-21,3345606.23974977,3310424.1494756564,3332909.574339923,0.0,0.0,0.0,0.0,170.97999999905005,-26.849999999999998,9989110.943565348,0.0007425293671912137,0.9989110943565345
2013-06-24,3274211.3389733313,3278797.21856929,3293839.1064507803,0.0,0.0,0.0,0.0,170.97999999905005,-26.849999999999998,9847018.6439934,-0.014224719334354652,0.9847018643993397
2013-06-25,3301670.9161950387,3264232.184599252,3288541.41588954,0.0,0.0,0.0,0.0,170.97999999905005,-26.849999999999998,9854615.49668383,0.0007714875908215735,0.9854615496683826
2013-06-26,3371349.5933951214,3310008.005647942,3355424.759225192,0.0,0.0,0.0,0.0,170.97999999905005,-26.849999999999998,10036953.338268254,0.018502785993606885,1.0036953338268249
2013-06-27,3451668.856768615,3365355.134734084,3405752.8195569688,0.0,0.0,0.0,0.0,170.97999999905005,-26.849999999999998,10222947.791059667,0.018530967169316792,1.0222947791059662
2013-06-28,3427984.971414893,3348709.38162547,3440518.913865104,0.0,0.0,0.0,0.0,170.97999999905005,-26.849999999999998,10217384.246905467,-0.0005442211256391216,1.021738424690546
2013-07-01,3454758.059206058,3371181.148322099,3427936.8987821597,0.0,0.0,0.0,0.0,170.97999999905005,-26.849999999999998,10254047.086310316,0.0035882803777251837,1.025404708631031
2013-07-02,3395376.7234641155,3323324.6081348327,3375291.0988298403,0.0,0.0,0.0,0.0,170.97999999905005,-26.849999999999998,10094163.410428789,-0.015592250994729717,1.0094163410428783
2013-07-03,3443087.738886832,3354119.251385769,3400786.2346558063,0.0,0.0,0.0,0.0,170.97999999905005,-26.849999999999998,10198164.204928406,0.010303062301544319,1.01981642049284
2013-07-05,3486679.8177262926,3395317.4903295897,3447141.027066654,0.0,0.0,0.0,0.0,170.97999999905005,-26.849999999999998,10329309.315122535,0.012859678228239524,1.0329309315122528
2013-07-08,3492514.9778859057,3441509.455205994,3463034.0987503733,0.0,0.0,0.0,0.0,170.97999999905005,-26.849999999999998,10397229.511842273,0.006575482895095464,1.0397229511842265
2013-07-09,3502812.3193440456,3458987.4959700396,3475947.219493395,0.0,0.0,0.0,0.0,170.97999999905005,-26.849999999999998,10437918.01480748,0.0039133985566888185,1.043791801480747
2013-07-10,3530271.8965657526,3514750.768883897,3537863.977927884,0.0,0.0,0.0,0.0,170.97999999905005,-26.849999999999998,10583057.623377532,0.013905034353034251,1.0583057623377523
2013-07-11,3576609.933127384,3548874.562756556,3587860.9325995836,0.0,0.0,0.0,0.0,170.97999999905005,-26.849999999999998,10713516.408483524,0.012327135479052398,1.0713516408483517
2013-07-12,3408763.267359698,3559694.3022771557,3569650.121295322,0.0,0.0,0.0,0.0,170.97999999905005,-26.849999999999998,10538278.670932176,-0.0163566966129427,1.0538278670932169
2013-07-15,3535763.812010095,3569681.7541423244,3628255.8231290365,0.0,0.0,0.0,0.0,170.97999999905005,-26.849999999999998,10733872.369281456,0.018560308040514117,1.073387236928145
2013-07-16,3487709.551872107,3527235.0837153583,3571967.860915865,0.0,0.0,0.0,0.0,170.97999999905005,-26.849999999999998,10587083.47650333,-0.013675297015661503,1.0587083476503323
2013-07-17,3506588.0112120314,3543048.5491685416,3618984.864646867,0.0,0.0,0.0,0.0,170.97999999905005,-26.849999999999998,10668792.405027438,0.007717793923647687,1.0668792405027432
2013-07-18,3601666.797342194,3563855.7405543095,3660373.072156552,0.0,0.0,0.0,0.0,170.97999999905005,-26.849999999999998,10826066.590053055,0.01474151703912674,1.082606659005305
2013-07-19,3579012.646134285,3573427.0485917632,3665670.7627177914,0.0,0.0,0.0,0.0,170.97999999905005,-26.849999999999998,10818281.437443838,-0.000719111834798003,1.081828143744383
2013-07-22,3575923.443696843,3576756.199213486,3668650.713658489,0.0,0.0,0.0,0.0,170.97999999905005,-26.849999999999998,10821501.336568817,0.00029763499346913136,1.082150133656881
2013-07-23,3606815.4680712637,3589656.6578726624,3740831.7475553798,0.0,0.0,0.0,0.0,170.97999999905005,-26.849999999999998,10937474.853499305,0.010716952604217678,1.0937474853499296
2013-07-24,3578669.401419014,3652078.2320299656,3778908.8984642895,0.0,0.0,0.0,0.0,170.97999999905005,-26.849999999999998,11009827.51191327,0.006615115406717109,1.100982751191326
2013-07-25,3570431.528252502,3656655.8141348343,3790828.702227079,0.0,0.0,0.0,0.0,170.97999999905005,-26.849999999999998,11018087.024614414,0.000750194559561157,1.1018087024614402
2013-07-26,3533704.343718468,3662481.82772285,3806721.773910798,0.0,0.0,0.0,0.0,170.97999999905005,-26.849999999999998,11003078.925352115,-0.0013621329391182435,1.1003078925352103
2013-07-29,3507274.5006425753,3696189.4777677935,3806390.6682507205,0.0,0.0,0.0,0.0,170.97999999905005,-26.849999999999998,11010025.626661088,0.0006313415868504091,1.1010025626661075
2013-07-30,3537823.2803017246,3677879.1493483176,3809701.724851496,0.0,0.0,0.0,0.0,170.97999999905005,-26.849999999999998,11025575.134501537,0.0014123044185105904,1.1025575134501524
2013-07-31,3516885.3526701727,3723238.8265692918,3810695.0418317285,0.0,0.0,0.0,0.0,170.97999999905005,-26.849999999999998,11050990.201071192,0.002305101208745608,1.1050990201071178
2013-08-01,3570431.528252502,3764853.209340827,3875591.7512069144,0.0,0.0,0.0,0.0,170.97999999905005,-26.849999999999998,11211047.468800243,0.014483522726636444,1.1211047468800228
2013-08-02,3610591.1599392486,3837678.379191015,3926250.917198769,0.0,0.0,0.0,0.0,170.97999999905005,-26.849999999999998,11374691.436329031,0.014596670648679533,1.1374691436329016
2013-08-05,3597204.616043666,3859317.8582322136,3938501.826621636,0.0,0.0,0.0,0.0,170.97999999905005,-26.849999999999998,11395195.280897513,0.001802584684011288,1.1395195280897497
2013-08-06,3581758.6038564555,3837262.2353633,3941812.8832224105,0.0,0.0,0.0,0.0,170.97999999905005,-26.849999999999998,11361004.702442165,-0.0030004381331369956,1.1361004702442148
2013-08-07,3577296.422557928,3875547.4675131124,3950752.736044503,0.0,0.0,0.0,0.0,170.97999999905005,-26.849999999999998,11403767.606115542,0.0037640072153288795,1.1403767606115525
2013-08-08,3557731.473787462,3866808.44713109,3954063.792645278,0.0,0.0,0.0,0.0,170.97999999905005,-26.849999999999998,11378774.693563828,-0.0021916364323586457,1.1378774693563811
2013-08-09,3540569.238023895,3861814.7211985057,3934197.4530406287,0.0,0.0,0.0,0.0,170.97999999905005,-26.849999999999998,11336752.392263029,-0.0036930427425168055,1.1336752392263012
2013-08-12,3503842.053489861,3839342.954501877,3901749.098353036,0.0,0.0,0.0,0.0,170.97999999905005,-26.849999999999998,11245105.086344773,-0.00808408817156514,1.1245105086344755
2013-08-13,3570774.7729677726,3852659.5569887683,3935521.8756809393,0.0,0.0,0.0,0.0,170.97999999905005,-26.849999999999998,11359127.185637478,0.010139709537366981,1.1359127185637459
2013-08-14,3501439.3404829614,3836846.091535585,3921615.437957685,0.0,0.0,0.0,0.0,170.97999999905005,-26.849999999999998,11260071.84997623,-0.008720329831898854,1.1260071849976212
2013-08-15,3453385.0803449736,3793150.9896254726,3874267.328566605,0.0,0.0,0.0,0.0,170.97999999905005,-26.849999999999998,11120974.378537051,-0.01235316020114674,1.1120974378537034
2013-08-16,3478098.6998445103,3802306.1538352105,3876585.068187147,0.0,0.0,0.0,0.0,170.97999999905005,-26.849999999999998,11157160.901866866,0.0032538986331676067,1.1157160901866847
2013-08-19,3519974.555107614,3791070.2704868955,3867314.1097049774,0.0,0.0,0.0,0.0,170.97999999905005,-26.849999999999998,11178529.915299486,0.001915273394420991,1.1178529915299467
2013-08-20,3517228.5973854433,3791070.2704868955,3883207.181388696,0.0,0.0,0.0,0.0,170.97999999905005,-26.849999999999998,11191677.029261034,0.0011761040191478056,1.1191677029261013
2013-08-21,3492858.222601178,3801890.010007495,3899762.4643925703,0.0,0.0,0.0,0.0,170.97999999905005,-26.849999999999998,11194681.677001243,0.00026847162693788285,1.1194681677001224
2013-08-22,3534390.8331490103,3802722.297662926,3924264.283238304,0.0,0.0,0.0,0.0,170.97999999905005,-26.849999999999998,11261548.39405024,0.0059730789117808936,1.126154839405022
2013-08-23,3545717.9087529643,3824777.9205318396,3997107.5284553496,0.0,0.0,0.0,0.0,170.97999999905005,-26.849999999999998,11367774.337740153,0.00943262329237382,1.1367774337740133
2013-08-26,3547434.1323293215,3823945.6328764088,3971281.286969306,0.0,0.0,0.0,0.0,170.97999999905005,-26.849999999999998,11342832.032175034,-0.0021941239176707095,1.1342832032175014
2013-08-27,3469517.581962727,3758611.0519250976,3906384.57759412,0.0,0.0,0.0,0.0,170.97999999905005,-26.849999999999998,11134684.191481944,-0.01835060592475135,1.1134684191481925
2013-08-28,3471233.805539084,3759443.3395805284,3911351.162495282,0.0,0.0,0.0,0.0,170.97999999905005,-26.849999999999998,11142199.287614893,0.000674926742753712,1.1142199287614873
2013-08-29,3527182.6941283136,3788573.407520604,3917642.170036754,0.0,0.0,0.0,0.0,170.97999999905005,-26.849999999999998,11233569.25168567,0.008200352705263425,1.1233569251685651
2013-08-30,3493201.4673164506,3756530.332786521,3919959.9096572967,0.0,0.0,0.0,0.0,170.97999999905005,-26.849999999999998,11169862.689760268,-0.005671088190945417,1.1169862689760248
2013-09-03,3529928.6518504843,3791902.558142327,3958699.271886362,0.0,0.0,0.0,0.0,170.97999999905005,-26.849999999999998,11280701.461879171,0.00992302011201196,1.128070146187915
2013-09-04,3575580.1989815724,3808964.455078657,3979227.8228111663,0.0,0.0,0.0,0.0,170.97999999905005,-26.849999999999998,11363943.456871394,0.007379150602781381,1.1363943456871373
2013-09-05,3584847.8062938987,3808964.455078657,3975254.5548902364,0.0,0.0,0.0,0.0,170.97999999905005,-26.849999999999998,11369237.796262791,0.00046588927615576203,1.136923779626277
2013-09-06,3565626.1022387035,3791070.2704868964,3962010.328487137,0.0,0.0,0.0,0.0,170.97999999905005,-26.849999999999998,11318877.681212736,-0.004429506705067698,1.1318877681212716
2013-09-09,3603039.77620328,3806883.73594008,3972936.8152696937,0.0,0.0,0.0,0.0,170.97999999905005,-26.849999999999998,11383031.307413053,0.00566784340348514,1.1383031307413032
2013-09-10,3635991.268869329,3845168.9680898925,4005054.0642972095,0.0,0.0,0.0,0.0,170.97999999905005,-26.849999999999998,11486385.28125643,0.009079652954663286,1.1486385281256408
2013-09-11,3671688.719257548,3871802.1730636754,4053064.3850084445,0.0,0.0,0.0,0.0,170.97999999905005,-26.849999999999998,11596726.257329667,0.00960624020276346,1.1596726257329644
2013-09-12,3690910.4233127427,3897603.090382027,4052071.068028212,0.0,0.0,0.0,0.0,170.97999999905005,-26.849999999999998,11640755.56172298,0.0037967011910353676,1.1640755561722957
2013-09-13,3742397.1306034443,3915913.418801503,4074586.2529134816,0.0,0.0,0.0,0.0,170.97999999905005,-26.849999999999998,11733067.782318428,0.00793008839554954,1.1733067782318405
2013-09-16,3888276.134593765,3981247.9997528135,4113325.6151425466,0.0,0.0,0.0,0.0,170.97999999905005,-26.849999999999998,11983020.729489123,0.02130329013758625,1.19830207294891
2013-09-17,3936673.639447024,4020365.519558057,4151402.7660514563,0.0,0.0,0.0,0.0,170.97999999905005,-26.849999999999998,12108612.905056536,0.010480844388288668,1.2108612905056513
2013-09-18,3979922.4735712134,4013707.218314612,4189811.0226204447,0.0,0.0,0.0,0.0,170.97999999905005,-26.849999999999998,12183611.694506269,0.006193838223898851,1.2183611694506247
2013-09-19,4001546.890633308,3991651.5954456977,4175242.373577035,0.0,0.0,0.0,0.0,170.97999999905005,-26.849999999999998,12168611.83965604,-0.0012311501077297837,1.2168611839656018
2013-09-20,3920541.137829271,3920491.000906371,4098756.966099137,0.0,0.0,0.0,0.0,170.97999999905005,-26.849999999999998,11939960.084834779,-0.018790290777138008,1.1939960084834758
2013-09-23,3950060.1833426068,3902596.8163146107,4086506.05667627,0.0,0.0,0.0,0.0,170.97999999905005,-26.849999999999998,11939334.036333486,-5.2433048087552336e-05,1.1939334036333467
2013-09-24,4000173.911772223,3906342.1107640495,4103392.4453402217,0.0,0.0,0.0,0.0,170.97999999905005,-26.849999999999998,12010079.447876494,0.005925406838247271,1.2010079447876476
2013-09-25,3983698.1654391987,3897186.9465543116,4094121.486858052,0.0,0.0,0.0,0.0,170.97999999905005,-26.849999999999998,11975177.578851562,-0.002906048138682671,1.1975177578851544
2013-09-26,4012873.9662372624,3923404.007700379,4158024.8792530056,0.0,0.0,0.0,0.0,170.97999999905005,-26.849999999999998,12094473.833190646,0.009961961194610014,1.2094473833190627
2013-09-27,3991249.549175168,3918410.281767795,4138489.645308434,0.0,0.0,0.0,0.0,170.97999999905005,-26.849999999999998,12048320.456251396,-0.0038160715030522985,1.2048320456251376
2013-09-30,3949716.9386273352,3878044.3304794054,4084188.317055727,0.0,0.0,0.0,0.0,170.97999999905005,-26.849999999999998,11912120.566162467,-0.011304471074079059,1.1912120566162447
2013-10-01,3958298.0565091185,3913832.699662926,4082863.894415417,0.0,0.0,0.0,0.0,170.97999999905005,-26.849999999999998,11955165.63058746,0.003613551775765833,1.195516563058744
2013-10-02,3961044.01423129,3874715.1798576824,4005385.169957286,0.0,0.0,0.0,0.0,170.97999999905005,-26.849999999999998,11841315.344046257,-0.009523104075606859,1.184131534404624
2013-10-03,3873859.856552369,3789405.6951760347,3933204.1360603957,0.0,0.0,0.0,0.0,170.97999999905005,-26.849999999999998,11596640.667788798,-0.020662795403086687,1.159664066778878
2013-10-04,3939762.841884467,3798977.003213488,3922608.754937916,0.0,0.0,0.0,0.0,170.97999999905005,-26.849999999999998,11661519.580035869,0.005594629867879064,1.1661519580035853
2013-10-07,3922600.6061209,3866808.447131091,3956712.637925897,0.0,0.0,0.0,0.0,170.97999999905005,-26.849999999999998,11746292.671177886,0.007269472092397367,1.174629267117787
2013-10-08,3880381.5061425245,3830603.9341198546,3921284.332297607,0.0,0.0,0.0,0.0,170.97999999905005,-26.849999999999998,11632440.752559984,-0.00969258316687982,1.1632440752559967
2013-10-09,3847773.258191747,3831020.0779475705,3907709.0002344297,0.0,0.0,0.0,0.0,170.97999999905005,-26.849999999999998,11586673.316373747,-0.003934465445367907,1.158667331637373
2013-10-10,3996741.4646195094,3952950.2194681694,4056375.441609219,0.0,0.0,0.0,0.0,170.97999999905005,-26.849999999999998,12006238.105696896,0.03621097944741747,1.200623810569688
2013-10-11,3965849.440245089,4004135.910277158,4040151.2642654222,0.0,0.0,0.0,0.0,170.97999999905005,-26.849999999999998,12010307.594787668,0.0003389478914999078,1.2010307594787653
2013-10-14,4015619.923959433,4022446.2386966334,4082863.894415417,0.0,0.0,0.0,0.0,170.97999999905005,-26.849999999999998,12121101.037071483,0.009224863011160434,1.212110103707147
2013-10-15,3972714.3345505153,3963353.815161053,4031542.5171034075,0.0,0.0,0.0,0.0,170.97999999905005,-26.849999999999998,11967781.646814976,-0.012648965616868568,1.1967781646814961
2013-10-16,4045138.9694727687,4017452.51276405,4094121.4868580517,0.0,0.0,0.0,0.0,170.97999999905005,-26.849999999999998,12156883.94909487,0.015800948568460926,1.2156883949094854
2013-10-17,4110698.710089595,4100681.2783071217,4142131.807569286,0.0,0.0,0.0,0.0,170.97999999905005,-26.849999999999998,12353682.775966002,0.016188262361901185,1.2353682775965986
2013-10-18,4118593.3385408353,4135637.359835211,4127563.1585258767,0.0,0.0,0.0,0.0,170.97999999905005,-26.849999999999998,12381964.836901922,0.0022893627308402387,1.2381964836901906
2013-10-21,4083239.1328678867,4079041.7992659225,4012338.3888189136,0.0,0.0,0.0,0.0,170.97999999905005,-26.849999999999998,12174790.300952721,-0.016731959642766747,1.2174790300952707
2013-10-22,4117220.3596797497,4130643.6339026275,4164315.8867944772,0.0,0.0,0.0,0.0,170.97999999905005,-26.849999999999998,12412350.860376853,0.019512497016523023,1.241235086037684
2013-10-23,4336896.977453408,4297517.308816485,4226232.645228967,0.0,0.0,0.0,0.0,170.97999999905005,-26.849999999999998,12860817.91149886,0.03613071014239688,1.2860817911498845
2013-10-24,4335523.998592323,4375752.3484269725,4246761.19615377,0.0,0.0,0.0,0.0,170.97999999905005,-26.849999999999998,12958208.523173064,0.007572660801544062,1.295820852317305
2013-10-25,4410008.101806203,4411956.861438208,4290798.248944076,0.0,0.0,0.0,0.0,170.97999999905005,-26.849999999999998,13112934.192188485,0.01194035955963546,1.3112934192188468
2013-10-28,4365729.5335362,4391149.67005244,4266296.430098342,0.0,0.0,0.0,0.0,170.97999999905005,-26.849999999999998,13023346.61368698,-0.006832000922789017,1.3023346613686964
2013-10-29,4358521.394515502,4409459.998471916,4279871.762161518,0.0,0.0,0.0,0.0,170.97999999905005,-26.849999999999998,13048024.135148935,0.0018948679010062364,1.3048024135148917
2013-10-30,4359207.883946045,4380329.930531841,4281858.396121983,0.0,0.0,0.0,0.0,170.97999999905005,-26.849999999999998,13021567.19059987,-0.0020276590750468726,1.3021567190599852
2013-10-31,4386667.461167753,4377000.779910118,4269607.486699116,0.0,0.0,0.0,0.0,170.97999999905005,-26.849999999999998,13033446.707776986,0.0009122955020108847,1.3033446707776968
2013-11-01,4471792.150555045,4401553.265745324,4308346.848928182,0.0,0.0,0.0,0.0,170.97999999905005,-26.849999999999998,13181863.245228551,0.01138735906005639,1.3181863245228533
2013-11-04,4463554.277388533,4423192.744786523,4346755.105497169,0.0,0.0,0.0,0.0,170.97999999905005,-26.849999999999998,13233673.107672226,0.003930389921350974,1.3233673107672206
2013-11-05,4489984.120464426,4442335.360861429,4337815.252675077,0.0,0.0,0.0,0.0,170.97999999905005,-26.849999999999998,13270305.714000931,0.002768135953688189,1.327030571400091
2013-11-06,4489984.120464426,4462726.4084194815,4382845.622445615,0.0,0.0,0.0,0.0,170.97999999905005,-26.849999999999998,13335727.131329523,0.004929910338054233,1.3335727131329502
2013-11-07,4436781.189597368,4424025.032441954,4361323.754540578,0.0,0.0,0.0,0.0,170.97999999905005,-26.849999999999998,13222300.956579898,-0.008505436084032869,1.3222300956579875
2013-11-08,4503713.909075281,4508086.085640456,4422578.301654912,0.0,0.0,0.0,0.0,170.97999999905005,-26.849999999999998,13434549.276370648,0.016052298347144278,1.3434549276370626
2013-11-11,4471105.661124502,4485198.175116111,4391785.4752677055,0.0,0.0,0.0,0.0,170.97999999905005,-26.849999999999998,13348260.291508317,-0.006422916250275801,1.3348260291508294
2013-11-12,4464584.011534347,4451906.668898882,4394434.320548326,0.0,0.0,0.0,0.0,170.97999999905005,-26.849999999999998,13311095.980981555,-0.0027842063096720215,1.331109598098153
2013-11-13,4492730.078186597,4450242.093588021,4395427.637528558,0.0,0.0,0.0,0.0,170.97999999905005,-26.849999999999998,13338570.789303176,0.0020640530547504365,1.3338570789303152
2013-11-14,4557603.329372881,4482285.168322102,4428207.097876229,0.0,0.0,0.0,0.0,170.97999999905005,-26.849999999999998,13468266.57557121,0.009723364543076984,1.3468266575571186
2013-11-15,4590898.0667542005,4458981.113970043,4401387.539409953,0.0,0.0,0.0,0.0,170.97999999905005,-26.849999999999998,13451437.700134195,-0.0012495205186641156,1.3451437700134172
2013-11-18,4667784.882974981,4501843.928224725,4414300.660152975,0.0,0.0,0.0,0.0,170.97999999905005,-26.849999999999998,13584100.451352682,0.009862347369542723,1.3584100451352659
2013-11-19,4621446.84641335,4488527.325737833,4450060.071441343,0.0,0.0,0.0,0.0,170.97999999905005,-26.849999999999998,13560205.223592525,-0.0017590585291775707,1.35602052235925
2013-11-20,4468359.703402332,4469384.709662927,4393109.897908016,0.0,0.0,0.0,0.0,170.97999999905005,-26.849999999999998,13331025.290973276,-0.01690091918524317,1.333102529097325
2013-11-21,4484835.4497353565,4509334.517123601,4440458.007299096,0.0,0.0,0.0,0.0,170.97999999905005,-26.849999999999998,13434798.954158053,0.0077843722384236536,1.3434798954158027
2013-11-22,4587122.374886216,4560104.064104875,4511314.618555677,0.0,0.0,0.0,0.0,170.97999999905005,-26.849999999999998,13658712.037546765,0.016666649359826202,1.3658712037546739
2013-11-25,4486894.918026984,4545539.030134837,4539458.599662263,0.0,0.0,0.0,0.0,170.97999999905005,-26.849999999999998,13572063.527824081,-0.00634382725724747,1.3572063527824056
2013-11-26,4546962.743199469,4558439.488794014,4580846.807171948,0.0,0.0,0.0,0.0,170.97999999905005,-26.849999999999998,13686420.01916543,0.008425873567929232,1.3686420019165406
2013-11-27,4545246.519623111,4664556.1648614295,4652365.629748684,0.0,0.0,0.0,0.0,170.97999999905005,-26.849999999999998,13862339.294233225,0.012853563957663905,1.3862339294233201
2013-11-29,4529114.018005358,4612538.1863970095,4579191.278871561,0.0,0.0,0.0,0.0,170.97999999905005,-26.849999999999998,13721014.463273928,-0.010194876056603852,1.3721014463273904
2013-12-02,4526024.815567917,4577165.961041204,4515287.886476607,0.0,0.0,0.0,0.0,170.97999999905005,-26.849999999999998,13618649.643085726,-0.007460441096552639,1.3618649643085703
2013-12-03,4453256.935930393,4605879.885153564,4485157.271409556,0.0,0.0,0.0,0.0,170.97999999905005,-26.849999999999998,13544465.072493512,-0.005447278000126676,1.354446507249349
2013-12-04,4436437.944882097,4522651.119610492,4403374.173370419,0.0,0.0,0.0,0.0,170.97999999905005,-26.849999999999998,13362634.217863007,-0.013424735023295442,1.3362634217862985
2013-12-05,4477970.55542993,4483949.743632964,4417280.611093673,0.0,0.0,0.0,0.0,170.97999999905005,-26.849999999999998,13379371.890156567,0.0012525728101713263,1.3379371890156546
2013-12-06,4560692.531810324,4513495.955400754,4466615.354445218,0.0,0.0,0.0,0.0,170.97999999905005,-26.849999999999998,13540974.821656294,0.012078514060784862,1.354097482165627
2013-12-09,4543873.540762028,4500179.352913862,4490454.961970797,0.0,0.0,0.0,0.0,170.97999999905005,-26.849999999999998,13534678.835646685,-0.0004649581062317054,1.3534678835646663
2013-12-10,4510578.803380707,4508086.085640454,4502705.871393664,0.0,0.0,0.0,0.0,170.97999999905005,-26.849999999999998,13521541.740414822,-0.000970624821718169,1.35215417404148
2013-12-11,4472135.395270317,4401137.121917607,4443106.852579717,0.0,0.0,0.0,0.0,170.97999999905005,-26.849999999999998,13316550.34976764,-0.015160356310144674,1.3316550349767617
2013-12-12,4485865.183881171,4421944.313303375,4459662.135583591,0.0,0.0,0.0,0.0,170.97999999905005,-26.849999999999998,13367642.612768136,0.0038367491323596514,1.3367642612768111
2013-12-13,4515040.984679235,4458564.970142325,4493766.0185715705,0.0,0.0,0.0,0.0,170.97999999905005,-26.849999999999998,13467542.95339313,0.007473295293634941,1.3467542953393106
2013-12-16,4545246.519623114,4488943.469565546,4526545.478919242,0.0,0.0,0.0,0.0,170.97999999905005,-26.849999999999998,13560906.4481079,0.006932481673744828,1.3560906448107874
2013-12-17,4584376.417164047,4485198.175116108,4552702.8260653615,0.0,0.0,0.0,0.0,170.97999999905005,-26.849999999999998,13622448.398345515,0.004538188540206489,1.362244839834549
2013-12-18,4570989.873268465,4563433.214726594,4645743.516547133,0.0,0.0,0.0,0.0,170.97999999905005,-26.849999999999998,13780337.584542189,0.011590367720963446,1.3780337584542164
2013-12-19,4560349.287095054,4525147.982576781,4621572.803361477,0.0,0.0,0.0,0.0,170.97999999905005,-26.849999999999998,13707241.053033313,-0.0053044078971526964,1.3707241053033288
2013-12-20,4610806.260239941,4595060.145632962,4661305.482570775,0.0,0.0,0.0,0.0,170.97999999905005,-26.849999999999998,13867342.868443677,0.011680090456637426,1.386734286844365
2013-12-23,4601881.897642885,4606296.028981277,4688787.252357206,0.0,0.0,0.0,0.0,170.97999999905005,-26.849999999999998,13897136.158981368,0.0021484498378911976,1.389713615898134
2013-12-24,4616298.175684282,4675375.904382026,4723553.346665341,0.0,0.0,0.0,0.0,170.97999999905005,-26.849999999999998,14015398.406731648,0.008509828672424113,1.401539840673162
2013-12-26,4664695.68053754,4720319.437775285,4810965.240925797,0.0,0.0,0.0,0.0,170.97999999905005,-26.849999999999998,14196151.339238621,0.012896738805523889,1.4196151339238594
2013-12-27,4618700.88869118,4694934.664284647,4787787.844720373,0.0,0.0,0.0,0.0,170.97999999905005,-26.849999999999998,14101594.3776962,-0.006660746232048376,1.4101594377696172
2013-12-30,4585406.15130986,4663723.877205996,4750704.010791695,0.0,0.0,0.0,0.0,170.97999999905005,-26.849999999999998,14000005.01930755,-0.007204104420229784,1.4000005019307522
2013-12-31,4604627.855365055,4691605.513662924,4805005.339044402,0.0,0.0,0.0,0.0,170.97999999905005,-26.849999999999998,14101409.68807238,0.007243188029217196,1.410140968807235
2014-01-02,4610806.260239939,4635009.953093636,4721235.6070448,0.0,0.0,0.0,0.0,170.97999999905005,-26.849999999999998,13967222.800378375,-0.009515849171271573,1.3967222800378347
2014-01-03,4643071.263475445,4649158.843235958,4753352.856072316,0.0,0.0,0.0,0.0,170.97999999905005,-26.849999999999998,14045753.942783719,0.005622530944606741,1.4045753942783692
2014-01-06,4669501.106551338,4658314.007445697,4728188.825906428,0.0,0.0,0.0,0.0,170.97999999905005,-26.849999999999998,14056174.91990346,0.0007419307758196325,1.4056174919903432
2014-01-07,4740552.762612507,4687444.075385772,4803349.8107440155,0.0,0.0,0.0,0.0,170.97999999905005,-26.849999999999998,14231517.628742293,0.012474425641256559,1.4231517628742263
2014-01-08,4750850.104070647,4715325.7118427,4799707.648483164,0.0,0.0,0.0,0.0,170.97999999905005,-26.849999999999998,14266054.44439651,0.0024267837454290397,1.426605444439648
2014-01-09,4795128.67234065,4733219.896434461,4807323.078664945,0.0,0.0,0.0,0.0,170.97999999905005,-26.849999999999998,14335842.627440056,0.00489190499836889,1.4335842627440027
2014-01-10,4787234.04388941,4763598.395857682,4830500.474870369,0.0,0.0,0.0,0.0,170.97999999905005,-26.849999999999998,14381503.89461746,0.0031851121949404426,1.4381503894617433
2014-01-13,4746731.167487391,4733219.896434462,4878179.689921527,0.0,0.0,0.0,0.0,170.97999999905005,-26.849999999999998,14358301.733843379,-0.0016133334138139777,1.435830173384335
2014-01-14,4723390.526848941,4793560.751453188,4894072.761605246,34.6,0.0,0.0,0.0,127.72999999905005,-35.8,14411186.369907375,0.0036832096890222488,1.4411186369907347
2014-01-15,4743985.209765222,4825187.682359555,4961287.210600975,34.42,0.0,0.0,0.0,127.72999999905005,-35.8,14530622.252725752,0.008287720368933327,1.4530622252725722
2014-01-16,4730255.421154368,4842249.579295884,4960956.104940898,34.16,0.0,0.0,0.0,127.72999999905005,-35.8,14533622.99539115,0.00020651164232377006,1.453362299539112
2014-01-17,4738836.539036151,4840168.860157307,4971882.591723454,34.16,0.0,0.0,0.0,127.72999999905005,-35.8,14551049.880916912,0.0011990737293301468,1.4551049880916882
2014-01-21,4779682.66015344,4878870.236134835,4980822.444545547,33.52,0.0,0.0,0.0,127.72999999905005,-35.8,14639536.59083382,0.006081122024944374,1.463953659083379
2014-01-22,4870642.509700347,4925062.201011239,5063267.753904839,33.3,0.0,0.0,0.0,127.72999999905005,-35.8,14859133.494616423,0.015000263322549223,1.4859133494616392
2014-01-23,4767325.850403672,4809790.360734086,4864273.252198273,33.06,0.0,0.0,0.0,127.72999999905005,-35.8,14441550.253336031,-0.0281027989574012,1.4441550253336002
2014-01-24,4610119.770809398,4643748.973475659,4775868.040957586,32.34,0.0,0.0,0.0,127.72999999905005,-35.8,14029896.855242644,-0.028504792828477288,1.4029896855242616
2014-01-27,4634146.900878392,4613370.4740524385,4752028.433432007,32.78,0.0,0.0,0.0,127.72999999905005,-35.8,13999706.318362836,-0.002151871620390877,1.3999706318362808
2014-01-28,4624879.293566067,4585072.693767794,4792754.429621537,32.48,0.0,0.0,0.0,127.72999999905005,-35.8,14002866.626955397,0.00022574106346895384,1.4002866626955368
2014-01-29,4378429.588001243,4590066.419700379,4762623.814554486,32.44,0.0,0.0,0.0,127.72999999905005,-35.8,13731279.992256107,-0.019395074018379144,1.3731279992256078
2014-01-30,4268934.523829685,4635842.240749068,4805005.339044403,32.4,0.0,0.0,0.0,127.72999999905005,-35.8,13709942.233623156,-0.0015539526282316585,1.3709942233623127
2014-01-31,4226028.934420766,4729890.745812738,4877848.584261449,31.92,0.0,0.0,0.0,127.72999999905005,-35.8,13833927.914494952,0.009043486745533125,1.3833927914494923
2014-02-03,4152231.3206374273,4635842.240749069,4775205.829637431,31.04,0.0,0.0,0.0,127.72999999905005,-35.8,13563438.161023924,-0.019552635747625446,1.3563438161023897
2014-02-04,4117220.35967975,4535551.578269667,4789443.373020763,31.04,0.0,0.0,0.0,127.72999999905005,-35.8,13442374.080970177,-0.008925766359273002,1.344237408097015
2014-02-05,4095595.9426176553,4560104.064104873,4860962.195597498,31.22,0.0,0.0,0.0,127.72999999905005,-35.8,13516821.152320025,0.0055382383276507685,1.3516821152319998
2014-02-06,4138501.5320265735,4595892.433288394,4904668.142727725,32.04,0.0,0.0,0.0,127.72999999905005,-35.8,13639221.87804269,0.009055437246919373,1.3639221878042664
2014-02-07,4285410.270162708,4706170.547632962,5014264.116213371,34.82,0.0,0.0,0.0,127.72999999905005,-35.8,14006007.484009042,0.026891974428308707,1.4006007484009015
2014-02-10,4289872.451461236,4679537.34265918,4976849.176624616,35.02,0.0,0.0,0.0,127.72999999905005,-35.8,13946421.72074503,-0.004254300401598576,1.3946421720745004
2014-02-11,4391129.6424662825,4785237.874898881,5092736.157651734,35.86,0.0,0.0,0.0,127.72999999905005,-35.8,14269267.265016895,0.023148987656929743,1.4269267265016867
2014-02-12,4347194.318911551,4833094.415086147,5136442.104781961,35.3,0.0,0.0,0.0,127.72999999905005,-35.8,14316893.868779657,0.0033377049345431065,1.4316893868779628
2014-02-13,4393532.355473182,4865553.633647945,5164917.191548625,35.32,0.0,0.0,0.0,127.72999999905005,-35.8,14424166.230669752,0.007492711957865383,1.4424166230669722
2014-02-14,4415843.26196582,4923397.625700379,5264911.100892024,35.36,0.0,0.0,0.0,127.72999999905005,-35.8,14604315.078558221,0.012489376856003265,1.4604315078558192
2014-02-18,4431975.763583573,4914658.605318355,5258620.093350552,35.5,0.0,0.0,0.0,127.72999999905005,-35.8,14605417.69225248,7.549917187676947e-05,1.4605417692252451
2014-02-19,4356118.681508605,4873044.22254682,5257295.670710242,35.18,0.0,0.0,0.0,127.72999999905005,-35.8,14486621.484765667,-0.008133708325906208,1.448662148476564
2014-02-20,4395591.823764809,4937130.3720149845,5309610.365002484,35.0,0.0,0.0,0.0,127.72999999905005,-35.8,14642495.290782277,0.010759845294538106,1.4642495290782251
2014-02-21,4352342.98964062,4931304.3584269695,5311596.998962948,35.36,0.0,0.0,0.0,127.72999999905005,-35.8,14595407.437030535,-0.00321583533520986,1.459540743703051
2014-02-24,4396621.557910623,4998719.658516857,5369871.595136586,35.88,0.0,0.0,0.0,127.72999999905005,-35.8,14765376.421564067,0.011645374428006505,1.476537642156404
2014-02-25,4301199.5270651905,4898845.139865171,5288088.4970974475,35.92,0.0,0.0,0.0,127.72999999905005,-35.8,14488296.814027809,-0.01876549568567709,1.4488296814027781
2014-02-26,4295707.611620849,4859727.620059928,5198358.86321645,36.06,0.0,0.0,0.0,127.72999999905005,-35.8,14353957.884897226,-0.009272237506931291,1.43539578848972
2014-02-27,4361610.596952946,4938378.80349813,5261600.0442912495,36.04,0.0,0.0,0.0,127.72999999905005,-35.8,14561753.214742325,0.01447651801066896,1.4561753214742297
2014-02-28,4373967.406702715,4979993.186269666,5289744.025397835,36.66,0.0,0.0,0.0,127.72999999905005,-35.8,14643869.008370215,0.005639141964358885,1.4643869008370187
2014-03-03,4350283.521348992,4979577.04244195,5330470.021587366,36.24,0.0,0.0,0.0,127.72999999905005,-35.8,14660494.555378307,0.001135324755950018,1.4660494555378278
2014-03-04,4418245.974972718,5112326.923483149,5398346.68190325,36.8,0.0,0.0,0.0,127.72999999905005,-35.8,14929084.110359117,0.0183206339981401,1.492908411035909
2014-03-05,4369505.225404188,5087774.437647943,5436754.938472237,36.6,0.0,0.0,0.0,127.72999999905005,-35.8,14894198.931524368,-0.002336725989141142,1.489419893152434
2014-03-06,4371907.938411088,5089439.012958805,5437417.149792393,36.56,0.0,0.0,0.0,127.72999999905005,-35.8,14898928.391162286,0.00031753702630532565,1.4898928391162256
2014-03-07,4360924.107522405,5114407.642621727,5428808.4026303785,35.82,0.0,0.0,0.0,127.72999999905005,-35.8,14904303.70277451,0.00036078511629145105,1.490430370277448
2014-03-10,4304975.218933176,5049489.205498131,5393380.097002087,35.52,0.0,0.0,0.0,127.72999999905005,-35.8,14748007.771433393,-0.010486630872398428,1.4748007771433362
2014-03-11,4263785.853100615,5010371.685692888,5338416.557429225,35.42,0.0,0.0,0.0,127.72999999905005,-35.8,14612737.246222725,-0.00917212191009853,1.4612737246222696
2014-03-12,4221566.753122239,5037004.890666671,5340403.19138969,35.66,0.0,0.0,0.0,127.72999999905005,-35.8,14599138.2251786,-0.0009306279046139565,1.459913822517857
2014-03-13,4135412.3295891327,4976247.891820229,5306961.519721865,34.68,0.0,0.0,0.0,127.72999999905005,-35.8,14418784.151131224,-0.01235374795865174,1.4418784151131194
2014-03-14,4176944.9401369654,4996638.939378281,5293386.187658688,34.86,0.0,0.0,0.0,127.72999999905005,-35.8,14467132.657173933,0.0033531610943018375,1.4467132657173902
2014-03-17,4255204.735218831,5040750.1851161085,5347356.410251318,34.78,0.0,0.0,0.0,127.72999999905005,-35.8,14643473.840586256,0.012189090097606714,1.4643473840586223
2014-03-18,4208523.453941929,5101507.18396255,5344376.45931062,35.419999999999995,0.0,0.0,0.0,127.72999999905005,-35.8,14654570.247215098,0.0007577714652711176,1.4654570247215064
2014-03-19,4147425.89462363,5055731.362913861,5244051.444307144,35.099999999999994,0.0,0.0,0.0,127.72999999905005,-35.8,14447371.531844633,-0.014138846235347002,1.44473715318446
2014-03-20,4197882.867768517,5033675.740044947,5212265.300939705,35.019999999999996,0.0,0.0,0.0,127.72999999905005,-35.8,14443986.658753168,-0.00023428989031004654,1.4443986658753134
2014-03-21,4158752.9702275833,5014949.267797756,5129819.991580413,35.15999999999999,0.0,0.0,0.0,127.72999999905005,-35.8,14303685.11960575,-0.009713491327714152,1.4303685119605716
2014-03-24,0.0,4979577.04244195,5155646.233066456,34.93999999999999,0.0,0.0,0.0,4158871.750227582,-44.75,14294129.965735989,-0.0006680204289917224,1.4294129965735953
2014-03-25,0.0,5024936.719662923,5233124.9575245865,34.71999999999999,0.0,0.0,0.0,4158871.750227582,-44.75,14416968.147415092,0.008593610242355165,1.4416968147415057
2014-03-26,0.0,5005794.103588018,5202994.342457535,34.059999999999995,0.0,0.0,0.0,4158871.750227582,-44.75,14367694.256273136,-0.0034177706878537606,1.43676942562731
2014-03-27,0.0,4935049.652876407,5178161.417951724,34.03999999999999,0.0,0.0,0.0,4158871.750227582,-44.75,14272116.861055711,-0.006652243116580414,1.4272116861055675
2014-03-28,0.0,5012036.261003748,5232131.640544354,34.059999999999995,0.0,0.0,0.0,4158871.750227582,-44.75,14403073.711775685,0.009175713175199274,1.4403073711775647
2014-03-31,0.0,5076538.554299627,5320205.746124963,34.43999999999999,0.0,0.0,0.0,4158871.750227582,-44.75,14555650.490652172,0.010593348470593789,1.4555650490652134
2014-04-01,0.0,5099842.608651687,5335436.606488527,34.879999999999995,0.0,0.0,0.0,4158871.750227582,-44.75,14594185.845367799,0.0026474498505151267,1.4594185845367762
2014-04-02,0.0,5126475.81362547,5367884.96117612,34.879999999999995,0.0,0.0,0.0,4158871.750227582,-44.75,14653267.405029172,0.004048294319900503,1.4653267405029136
2014-04-03,0.0,5143953.854389516,5336761.0291288365,34.21999999999999,0.0,0.0,0.0,4158871.750227582,-44.75,14639620.853745935,-0.0009312974987785161,1.4639620853745898
2014-04-04,0.0,4965844.296127344,5202001.025477302,34.239999999999995,0.0,0.0,0.0,4158871.750227582,-44.75,14326751.311832229,-0.021371423825750968,1.4326751311832193
2014-04-07,0.0,4908416.4479026245,5141077.584023046,34.15999999999999,0.0,0.0,0.0,4158871.750227582,-44.75,14208399.942153253,-0.008260865781988702,1.4208399942153216
2014-04-08,0.0,4890938.4071385795,5105318.172734678,34.099999999999994,0.0,0.0,0.0,4158871.750227582,-44.75,14155162.43010084,-0.0037469041038511453,1.4155162430100803
2014-04-09,0.0,4950446.974501875,5176505.889651336,34.39999999999999,0.0,0.0,0.0,4158871.750227582,-44.75,14285859.014380794,0.009233139140956137,1.4285859014380757
2014-04-10,0.0,4820610.100254685,5065585.493525379,33.65999999999999,0.0,0.0,0.0,4158871.750227582,-44.75,14045101.004007645,-0.016852889989379838,1.4045101004007607
2014-04-11,0.0,4800219.052696632,5013270.799233137,33.07999999999999,0.0,0.0,0.0,4158871.750227582,-44.75,13972394.68215735,-0.005176632181537744,1.3972394682157314
2014-04-14,0.0,4855150.03795506,5078498.6142684,33.53999999999999,0.0,0.0,0.0,4158871.750227582,-44.75,14092553.942451041,0.008599761388585314,1.4092553942451005
2014-04-15,0.0,4893019.126277156,5129488.885920332,33.25999999999999,0.0,0.0,0.0,4158871.750227582,-44.75,14181413.022425069,0.006305392218961536,1.4181413022425031
2014-04-16,0.0,4962099.001677905,5196372.229255983,33.57999999999999,0.0,0.0,0.0,4158871.750227582,-44.75,14317376.561161472,0.009587446506311048,1.4317376561161435
2014-04-17,0.0,5019526.849902624,5222860.682062182,33.75999999999999,0.0,0.0,0.0,4158871.750227582,-44.75,14401293.042192386,0.0058611632286429405,1.440129304219235
2014-04-21,0.0,5028265.870284646,5263255.5725916345,33.89999999999999,0.0,0.0,0.0,4158871.750227582,-44.75,14450427.093103863,0.0034117805093976106,1.4450427093103824
2014-04-22,0.0,4928807.495460676,5106642.595374986,34.019999999999996,0.0,0.0,0.0,4158871.750227582,-44.75,14194355.861063242,-0.017720668765757508,1.4194355861063204
2014-04-23,0.0,5005794.103588017,5279148.644275353,34.459999999999994,0.0,0.0,0.0,4158871.750227582,-44.75,14443848.958090954,0.01757692279028311,1.4443848958090915
2014-04-24,0.0,4903838.865797754,5234780.4858249705,34.559999999999995,0.0,0.0,0.0,4158871.750227582,-44.75,14297525.661850307,-0.01013049199456495,1.429752566185027
2014-04-25,0.0,4895932.133071163,5250011.346188535,34.25999999999999,0.0,0.0,0.0,4158871.750227582,-44.75,14304849.489487281,0.0005122444127878545,1.4304849489487244
2014-04-28,0.0,4900925.859003747,5259282.3046707045,0.0,0.0,0.0,0.0,4158897.060227582,-53.7,14319105.223902034,0.0009965665437605686,1.4319105223901998
2014-04-29,0.0,4956272.988089889,5279479.74993543,0.0,0.0,0.0,0.0,4158897.060227582,-53.7,14394649.798252901,0.0052757887570213935,1.4394649798252865
2014-04-30,0.0,4999551.946172286,5349674.149871856,0.0,0.0,0.0,0.0,4158897.060227582,-53.7,14508123.156271724,0.007883023179389603,1.4508123156271688
2014-05-01,0.0,4962515.145505619,5307623.731042016,0.0,0.0,0.0,0.0,4158897.060227582,-53.7,14429035.936775219,-0.005451237120379426,1.4429035936775183
2014-05-02,0.0,4967508.871438203,5341727.614029997,0.0,0.0,0.0,0.0,4158897.060227582,-53.7,14468133.545695782,0.002709648038294432,1.4468133545695745
2014-05-05,0.0,4976664.035647941,5381460.293239295,0.0,0.0,0.0,0.0,4158897.060227582,-53.7,14517021.38911482,0.003379001393969183,1.4517021389114784
2014-05-06,0.0,4921733.050389513,5328483.387626898,0.0,0.0,0.0,0.0,4158897.060227582,-53.7,14409113.498243993,-0.007433197759957655,1.4409113498243957
2014-05-07,0.0,4975415.604164795,5351660.783832321,0.0,0.0,0.0,0.0,4158897.060227582,-53.7,14485973.4482247,0.005334120658434083,1.4485973448224663
2014-05-08,0.0,4987899.918996255,5357620.685713716,0.0,0.0,0.0,0.0,4158897.060227582,-53.7,14504417.664937552,0.0012732466187912461,1.4504417664937514
2014-05-09,0.0,4981241.61775281,5383446.9271997595,0.0,0.0,0.0,0.0,4158897.060227582,-53.7,14523585.605180152,0.00132152428904031,1.4523585605180114
2014-05-12,0.0,5037837.178322099,5440065.995073008,0.0,0.0,0.0,0.0,4158897.060227582,-53.7,14636800.233622689,0.0077952257466060715,1.463680023362265
2014-05-13,0.0,5063638.095640452,5463574.496938509,0.0,0.0,0.0,0.0,4158897.060227582,-53.7,14686109.652806543,0.003368866036074225,1.4686109652806505
2014-05-14,0.0,5009123.25420974,5386095.772480378,0.0,0.0,0.0,0.0,4158897.060227582,-53.7,14554116.0869177,-0.008987646763458423,1.4554116086917663
2014-05-15,0.0,4904255.00962547,5330138.9159272835,0.0,0.0,0.0,0.0,4158897.060227582,-53.7,14393290.985780336,-0.01105014555174022,1.43932909857803
2014-05-16,0.0,4891354.5509662945,5283121.912196282,0.0,0.0,0.0,0.0,4158897.060227582,-53.7,14333373.523390159,-0.00416287438705798,1.4333373523390123
2014-05-19,0.0,4924229.913355808,5289744.025397832,0.0,0.0,0.0,0.0,4158897.060227582,-53.7,14372870.99898122,0.002755630105264917,1.4372870998981184
2014-05-20,0.0,4841833.435468167,5233124.957524583,0.0,0.0,0.0,0.0,4158897.060227582,-53.7,14233855.453220332,-0.009672079139285583,1.4233855453220297
2014-05-21,0.0,4865969.777475658,5276168.693334655,0.0,0.0,0.0,0.0,4158897.060227582,-53.7,14301035.531037893,0.004719738656778549,1.4301035531037858
2014-05-22,0.0,4875541.085513111,5273850.953714113,0.0,0.0,0.0,0.0,4158897.060227582,-53.7,14308289.099454805,0.0005072058174506733,1.430828909945477
2014-05-23,0.0,4938378.80349813,5300670.512180389,0.0,0.0,0.0,0.0,4158897.060227582,-53.7,14397946.375906102,0.006266107417043587,1.4397946375906068
2014-05-27,0.0,4944620.96091386,5310934.787642791,0.0,0.0,0.0,0.0,4158897.060227582,-53.7,14414452.808784235,0.0011464435584893629,1.44144528087842
2014-05-28,0.0,4948366.255363299,5283121.912196282,0.0,0.0,0.0,0.0,4158897.060227582,-53.7,14390385.227787163,-0.001669683984285908,1.4390385227787128
2014-05-29,0.0,4974583.316509366,5361262.847974568,0.0,0.0,0.0,0.0,4158897.060227582,-53.7,14494743.224711515,0.00725192517590445,1.4494743224711482
2014-05-30,0.0,5030346.589423223,5377818.130978443,0.0,0.0,0.0,0.0,4158897.060227582,-53.7,14567061.780629247,0.004989295415350314,1.4567061780629214
2014-06-02,0.0,5047408.486359553,5392717.885681929,0.0,0.0,0.0,0.0,4158897.060227582,-53.7,14599023.432269065,0.002194104214092052,1.4599023432269032
2014-06-03,0.0,5027849.726456931,5385764.666820302,0.0,0.0,0.0,0.0,4158897.060227582,-53.7,14572511.453504816,-0.0018160104261253363,1.4572511453504784
2014-06-04,1035461.255868503,5059892.801191014,5406293.217745106,0.0,0.0,0.0,0.0,3119270.230227582,-62.650000000000006,14620917.505032204,0.003321737072009334,1.4620917505032172
2014-06-05,1046853.4849696431,5118569.08089888,5465892.236559052,0.0,0.0,0.0,0.0,3119270.230227582,-62.650000000000006,14750585.032655157,0.008868631368607716,1.4750585032655126
2014-06-06,1057783.8669450611,5131885.683385771,5493374.006345483,0.0,0.0,0.0,0.0,3119270.230227582,-62.650000000000006,14802313.786903897,0.003506895091565543,1.4802313786903865
2014-06-09,1055551.6058374052,5151028.299460677,5523173.515752455,0.0,0.0,0.0,0.0,3119270.230227582,-62.650000000000006,14849023.65127812,0.0031555785836365757,1.4849023651278086
2014-06-10,1050086.414849696,5121482.087692887,5499002.802566799,0.0,0.0,0.0,0.0,3119270.230227582,-62.650000000000006,14789841.535336964,-0.003985589714921245,1.478984153533693
2014-06-11,1025993.3897912035,5059060.513535583,5406624.323405182,0.0,0.0,0.0,0.0,3119270.230227582,-62.650000000000006,14610948.456959551,-0.012095672421505554,1.4610948456959518
2014-06-12,1011368.23081001,4946701.680052438,5344376.459310616,0.0,0.0,0.0,0.0,3119270.230227582,-62.650000000000006,14421716.600400645,-0.012951373904051433,1.4421716600400611
2014-06-13,1012137.9760195466,4999551.946172289,5390400.146061387,0.0,0.0,0.0,0.0,3119270.230227582,-62.650000000000006,14521360.298480805,0.0069092813873066206,1.452136029848077
2014-06-16,1014062.3390433879,5030762.73325094,5426821.76866991,0.0,0.0,0.0,0.0,3119270.230227582,-62.650000000000006,14590917.071191821,0.00478996259863429,1.4590917071191785
2014-06-17,1013369.568354805,5011620.1171760345,5397022.259262936,0.0,0.0,625114.8174123422,0.0,2495458.810227582,-71.60000000000001,14542585.5724337,-0.0033124373555344366,1.4542585572433664
2014-06-18,1013600.491917666,5025769.007318356,5382453.610219527,0.0,0.0,626099.077971599,0.0,2495458.810227582,-71.60000000000001,14543380.99765473,5.469627234222507e-05,1.4543380997654693
2014-06-19,1016217.6256300901,5062805.807985023,5395697.8366226265,0.0,0.0,625333.541981066,0.0,2495458.810227582,-71.60000000000001,14595513.622446386,0.0035846289662673225,1.4595513622446348
2014-06-20,1010675.4601214273,5108997.772861428,5435099.410171847,0.0,0.0,629161.2219337309,0.0,2495458.810227582,-71.60000000000001,14679392.675316013,0.005746906552204445,1.4679392675315974
2014-06-23,1001130.6195231746,5071128.68453933,5387420.195120689,0.0,0.0,628505.0482275598,0.0,2495458.810227582,-71.60000000000001,14583643.357638337,-0.0065227029343443155,1.4583643357638298
2014-06-24,988121.9254820077,4991229.069617982,5340403.191389686,0.0,0.0,618881.1672037169,0.0,2495458.810227582,-71.60000000000001,14434094.163920976,-0.01025458385466016,1.4434094163920939
2014-06-25,972188.199644602,4995390.507895136,5338416.557429221,505354.8500000001,0.0,618990.5294880788,0.0,1996372.7102275821,-80.55000000000001,14426713.35468462,-0.0005113455096341646,1.4426713354684582
2014-06-26,979500.7791351988,4982906.193063675,5325172.331026123,514200.70000000007,0.0,614944.1249666902,0.0,1996372.7102275821,-80.55000000000001,14413096.838419268,-0.0009438404944068779,1.441309683841923
2014-06-27,983503.4542247886,4994142.07641199,5346363.09327108,513059.3000000001,0.0,606851.3159239133,0.0,1996372.7102275821,-80.55000000000001,14440291.950059354,0.0018868333394941317,1.4440291950059316
2014-06-30,973419.7919798604,4950863.118329593,5281797.489555972,511917.90000000014,0.0,618881.1672037169,0.0,1996372.7102275821,-80.55000000000001,14333252.177296724,-0.007412576777035995,1.4333252177296687
2014-07-01,980501.4479075962,4984154.624546821,5278817.538615274,516483.5000000001,0.0,623036.9340094673,0.0,1996372.7102275821,-80.55000000000001,14379366.75530674,0.0032173143568252627,1.43793667553067
2014-07-02,976421.7982970527,4955440.700434462,5224185.104702489,521049.1000000001,0.0,626427.1648246846,0.0,1996372.7102275821,-80.55000000000001,14299896.578486271,-0.0055266812630075934,1.429989657848623
2014-07-03,983272.5306619277,5015781.555453189,5254646.825429617,521619.8000000001,0.0,624130.5568530858,0.0,1996372.7102275821,-80.55000000000001,14395823.978625402,0.006708258315899274,1.4395823978625362
2014-07-07,987660.0783562857,4970838.0220599305,5202001.0254772995,517054.2000000001,0.0,611881.9810045585,0.0,1996372.7102275821,-80.55000000000001,14285808.017125655,-0.007642213579653112,1.4285808017125614
2014-07-08,970109.8875788534,4939627.234981279,5166241.614188931,517624.9000000001,0.0,606085.7799333803,0.0,1996372.7102275821,-80.55000000000001,14196062.126910027,-0.006282171096520517,1.4196062126909987
2014-07-09,970109.8875788534,4957937.563400755,5189750.1160544325,519907.70000000007,0.0,607179.4027769988,0.0,1996372.7102275821,-80.55000000000001,14241257.38003862,0.003183647177967819,1.424125738003858
2014-07-10,970109.8875788534,4962931.289333339,5198027.7575563695,513344.65,0.0,607070.040492637,0.0,1996372.7102275821,-80.55000000000001,14247856.335188782,0.0004633688567001748,1.4247856335188742
2014-07-11,980039.6007818741,5035340.31535581,5267891.051832717,516198.15,0.0,611772.6187201967,0.0,1996372.7102275821,-80.55000000000001,14407614.44691818,0.011212782328162252,1.4407614446918142
2014-07-14,990969.9827572926,5063221.9518127395,5317225.795184262,518766.30000000005,0.0,611225.8072983874,0.0,1996372.7102275821,-80.55000000000001,14497782.547280263,0.006258364331880761,1.4497782547280225
2014-07-15,987737.0528772391,5096513.458029968,5343714.24799046,521334.45000000007,0.0,607179.4027769989,0.0,1996372.7102275821,-80.55000000000001,14552851.321902247,0.00379842741070191,1.455285132190221
2014-07-16,974882.3078779796,5098178.033340829,5308617.048022248,520193.0500000001,0.0,605210.8816584856,0.0,1996372.7102275821,-80.55000000000001,14503454.031127125,-0.0033943376237740575,1.4503454031127088
2014-07-17,963105.2061720712,5072377.116022477,5301332.723500543,515056.7500000001,0.0,592634.2189568726,0.0,1996372.7102275821,-80.55000000000001,14440878.724879546,-0.004314510606458377,1.444087872487951
2014-07-18,976575.7473389598,5126475.8136254735,5339740.980069531,519907.70000000007,0.0,599414.6805873074,0.0,1996372.7102275821,-80.55000000000001,14558487.631848853,0.008144165546289273,1.4558487631848815
2014-07-21,981656.0657219007,5178077.6482621785,5355634.051753249,517339.55000000005,0.0,597992.9708906034,0.0,1996372.7102275821,-80.55000000000001,14627072.996855516,0.004711022651598951,1.462707299685548
2014-07-22,992663.4222182727,5236753.927970043,5516551.402550905,516483.5000000001,0.0,599524.0428716694,0.0,1996372.7102275821,-80.55000000000001,14858349.005838472,0.01581150302816403,1.4858349005838436
2014-07-23,969494.0914112239,5240083.078591767,5523835.72707261,516768.8500000001,0.0,594602.7400753861,0.0,1996372.7102275821,-80.55000000000001,14841157.197378568,-0.0011570470213849715,1.4841157197378532
2014-07-24,951789.9515918844,5294181.776194763,5585421.379847021,521905.15000000014,0.0,600289.5788622024,0.0,1996372.7102275821,-80.55000000000001,14949960.546723455,0.007331190411762778,1.4949960546723418
2014-07-25,942629.9835983999,5279200.598397011,5587739.119467564,517624.9000000002,0.0,601711.2885589064,0.0,1996372.7102275821,-80.55000000000001,14925278.600249464,-0.0016509706762671827,1.4925278600249425
2014-07-28,0.0,5288771.906434465,5586414.696827254,515342.10000000015,0.0,584978.8590515432,0.0,2938993.7438259823,-89.50000000000001,14914501.306139244,-0.0007220832789037734,1.4914501306139205
2014-07-29,0.0,5230095.6267266,5564230.617602063,509920.45000000024,0.0,572730.2832030158,0.0,2938993.7438259823,-89.50000000000001,14815970.721357662,-0.006606361336468081,1.4815970721357625
2014-07-30,0.0,5208456.147685401,5592374.598708648,509349.75000000023,0.0,585963.1196107998,0.0,2938993.7438259823,-89.50000000000001,14835137.359830832,0.001293647161811684,1.4835137359830795
2014-07-31,0.0,5101507.183962555,5486751.893143931,503642.7500000001,0.0,561575.330198107,0.0,2938993.7438259823,-89.50000000000001,14592470.901130576,-0.016357547140569473,1.4592470901130539
2014-08-01,0.0,5128556.532764052,5491718.478045094,507066.9500000001,0.0,549873.5657713889,0.0,2938993.7438259823,-89.50000000000001,14616209.270406518,0.0016267546076862427,1.461620927040648
2014-08-04,0.0,5105252.478411992,5530126.734614082,509064.40000000014,0.0,547248.8709467045,0.0,2938993.7438259823,-89.50000000000001,14630686.227798762,0.0009904727774769917,1.4630686227798724
2014-08-05,0.0,5093184.307408246,5485427.470503621,503642.75000000006,0.0,550311.0149088363,0.0,2938993.7438259823,-89.50000000000001,14571559.286646686,-0.004041296507318437,1.457155928664665
2014-08-06,0.0,5007042.535071167,5357951.791373791,503072.0500000001,0.0,547248.8709467044,0.0,2938993.7438259823,-89.50000000000001,14354308.991217647,-0.014909200254781707,1.435430899121761
2014-08-07,0.0,4978744.754786523,5354640.734773017,497079.7000000002,0.0,544514.8138376581,0.0,2938993.7438259823,-89.50000000000001,14313973.74722318,-0.0028099746228916755,1.4313973747223143
2014-08-08,0.0,5084861.430853939,5448343.636574944,489375.25000000006,0.0,552607.6228804352,0.0,2938993.7438259823,-89.50000000000001,14514181.6841353,0.013986887250716062,1.4514181684135263
2014-08-11,0.0,5110662.348172291,5459932.334677655,494796.9,0.0,549873.5657713889,0.0,2938993.7438259823,-89.50000000000001,14554258.892447319,0.0027612447731604206,1.4554258892447283
2014-08-12,0.0,5091935.8759250995,5447681.425254788,492228.75000000006,0.0,556435.3028331001,0.0,2938993.7438259823,-89.50000000000001,14527275.09783897,-0.0018540136469848978,1.4527275097838934
2014-08-13,0.0,5179742.22357304,5556615.187420279,488233.85000000003,0.0,570433.675231417,0.0,2938993.7438259823,-89.50000000000001,14734018.68005072,0.014231408217946218,1.4734018680050684
2014-08-14,0.0,5173500.066157309,5569859.413823378,493940.85,0.0,568027.7049754562,0.0,2938993.7438259823,-89.50000000000001,14744321.778782126,0.0006992728158650152,1.474432177878209
2014-08-15,0.0,5168090.196397009,5558932.927040821,492228.75,0.0,570652.3998001408,0.0,2938993.7438259823,-89.50000000000001,14728898.017063953,-0.0010460814644162042,1.4728898017063918
2014-08-18,0.0,5244660.660696635,5636411.651498952,490802.0,0.0,574808.1666058912,0.0,2938993.7438259823,-89.50000000000001,14885676.222627461,0.010644259019369606,1.4885676222627426
2014-08-19,0.0,5256312.687872666,5656277.991103602,489375.25,0.0,574480.0797528056,0.0,2938993.7438259823,-89.50000000000001,14915439.752555057,0.001999474493631137,1.4915439752555022
2014-08-20,0.0,5304585.371887648,5760907.379688085,497935.75000000006,0.0,573495.8191935489,0.0,2938993.7438259823,-89.50000000000001,15075918.064595263,0.01075920755287929,1.5075918064595228
2014-08-21,0.0,5298759.358299633,5753954.160826458,501645.30000000005,0.0,569340.0523877986,0.0,2938993.7438259823,-89.50000000000001,15062692.615339871,-0.000877256641932167,1.5062692615339837
2014-08-22,0.0,5280865.173707873,5755609.689126845,499077.1500000001,0.0,567480.8935536471,0.0,2938993.7438259823,-89.50000000000001,15042026.650214348,-0.0013719967374543618,1.5042026650214313
2014-08-25,0.0,5298343.214471917,5800971.16455746,503928.1000000001,0.0,572949.0077717397,0.0,2938993.7438259823,-89.50000000000001,15115185.230627097,0.0048636119396654465,1.5115185230627062
2014-08-26,0.0,5267132.427393265,5803620.00983808,502786.7000000001,0.0,571964.7472124831,0.0,2938993.7438259823,-89.50000000000001,15084497.628269808,-0.002030249837435494,1.5084497628269773
2014-08-27,0.0,5281697.461363303,5800640.058897383,504498.80000000005,0.0,567918.3426910946,0.0,2938993.7438259823,-89.50000000000001,15093748.406777762,0.0006132639439457854,1.5093748406777727
2014-08-28,0.0,5280032.886052441,5764549.541948937,504213.4500000001,0.0,562887.6776104494,0.0,2938993.7438259823,-89.50000000000001,15050677.29943781,-0.0028535726301500697,1.5050677299437776
2014-08-29,0.0,5294181.776194763,5761238.485348162,503072.05000000005,0.0,561575.3301981072,0.0,2938993.7438259823,-89.50000000000001,15059061.385567015,0.0005570570654331863,1.5059061385566983
2014-09-02,0.0,5350361.192936337,5754616.372146613,497365.0500000001,0.0,0.0,0.0,3500560.1240240894,-98.45000000000002,15102902.739107039,0.002911293899236167,1.5102902739107007
2014-09-03,0.0,5323727.987962554,5744683.202344288,502216.0000000002,0.0,0.0,0.0,3500560.1240240894,-98.45000000000002,15071187.314330932,-0.0020999555730425445,1.50711873143309
2014-09-04,0.0,5294181.776194763,5729452.341980724,502216.0000000002,0.0,0.0,0.0,3500560.1240240894,-98.45000000000002,15026410.242199576,-0.002971038127087655,1.5026410242199544
2014-09-05,0.0,5307082.234853939,5780442.613632656,506496.2500000002,0.0,0.0,0.0,3500560.1240240894,-98.45000000000002,15094581.222510684,0.0045367442531056845,1.509458122251065
2014-09-08,0.0,5307914.52250937,5786733.621174128,502786.7000000002,0.0,0.0,0.0,3500560.1240240894,-98.45000000000002,15097994.967707586,0.00022615699942774015,1.509799496770755
2014-09-09,0.0,5346615.898486898,5792362.417395445,493370.15000000014,0.0,0.0,0.0,3500560.1240240894,-98.45000000000002,15132908.589906432,0.002312467468264634,1.5132908589906398
2014-09-10,0.0,5409453.616471917,5780773.719292733,498506.4500000001,0.0,0.0,0.0,3500560.1240240894,-98.45000000000002,15189293.909788739,0.0037260067717528322,1.5189293909788706
2014-09-11,0.0,5399882.308434463,5767860.598549711,493084.8000000002,0.0,0.0,0.0,3500560.1240240894,-98.45000000000002,15161387.831008265,-0.0018372202780597702,1.5161387831008233
2014-09-12,0.0,5409453.616471916,5775476.028731493,488519.2000000002,0.0,0.0,0.0,3500560.1240240894,-98.45000000000002,15174008.9692275,0.0008324526989160752,1.5174008969227468
2014-09-15,0.0,5433589.958479406,5814215.390960558,0.0,0.0,0.0,0.0,3989070.3740240894,-107.40000000000002,15236875.723464053,0.004143055033382748,1.523687572346402
2014-09-16,0.0,5490185.5190486945,5866861.190912878,0.0,0.0,0.0,0.0,3989070.3740240894,-107.40000000000002,15346117.083985662,0.007169538067005599,1.5346117083985629
2014-09-17,0.0,5516818.724022476,5920169.202185353,0.0,0.0,0.0,0.0,3989070.3740240894,-107.40000000000002,15426058.300231919,0.005209214539988016,1.5426058300231884
2014-09-18,0.0,5511408.854262177,5945664.338011318,0.0,0.0,0.0,0.0,3989070.3740240894,-107.40000000000002,15446143.566297583,0.001302034886343062,1.5446143566297548
2014-09-19,0.0,5562178.40124345,5984403.700240383,0.0,0.0,0.0,0.0,3989070.3740240894,-107.40000000000002,15535652.475507922,0.005794903357343006,1.5535652475507888
2014-09-22,0.0,5488937.087565548,5926460.209726824,0.0,0.0,0.0,0.0,3989070.3740240894,-107.40000000000002,15404467.671316464,-0.008444112945901194,1.540446767131643
2014-09-23,0.0,5361597.076284649,5838717.209806292,0.0,0.0,0.0,0.0,3989070.3740240894,-107.40000000000002,15189384.66011503,-0.013962378693677557,1.5189384660114997
2014-09-24,0.0,5409453.616471915,5906593.870122176,0.0,0.0,0.0,0.0,3989070.3740240894,-107.40000000000002,15305117.86061818,0.007619347530716469,1.5305117860618147
2014-09-25,0.0,5364093.93925094,5875138.832414815,0.0,0.0,0.0,0.0,3989070.3740240894,-107.40000000000002,15228303.145689845,-0.005018890780709828,1.5228303145689814
2014-09-26,0.0,5490185.519048693,6012216.575686893,0.0,0.0,0.0,0.0,3989070.3740240894,-107.40000000000002,15491472.468759675,0.017281592082327046,1.5491472468759644
2014-09-29,0.0,5492266.238187268,6004932.251165189,0.0,0.0,0.0,0.0,3989070.3740240894,-107.40000000000002,15486268.863376547,-0.0003359012768877623,1.5486268863376516
2014-09-30,0.0,5483111.073977531,6051949.25489619,0.0,0.0,0.0,0.0,3989070.3740240894,-107.40000000000002,15524130.70289781,0.0024448651805859534,1.5524130702897778
2014-10-01,0.0,5327473.282411989,5890038.587118302,0.0,0.0,0.0,0.0,3989070.3740240894,-107.40000000000002,15206582.24355438,-0.02045515239601492,1.520658224355435
2014-10-02,794563.83,5280865.173707869,5839048.3154663695,0.0,0.0,0.0,0.0,3191298.0940240896,-116.35000000000002,15105775.41319833,-0.006629157606981684,1.51057754131983
2014-10-03,808577.6399999999,5346199.75465918,5904938.341821789,0.0,0.0,0.0,0.0,3191298.0940240896,-116.35000000000002,15251013.830505058,0.009614760800682243,1.5251013830505027
2014-10-06,807937.74,5316237.399063675,5857921.338090787,0.0,0.0,0.0,0.0,3191298.0940240896,-116.35000000000002,15173394.57117855,-0.005089449146735037,1.5173394571178518
2014-10-07,789124.6799999999,5185568.237161052,5728790.13066057,0.0,0.0,0.0,0.0,3191298.0940240896,-116.35000000000002,14894781.141845714,-0.01836197088435665,1.4894781141845683
2014-10-08,799747.02,5258393.40701124,5839048.315466371,0.0,0.0,0.0,0.0,3191298.0940240896,-116.35000000000002,15088486.836501699,0.013004937287180551,1.5088486836501667
2014-10-09,785541.24,5161015.751325846,5779449.296652425,0.0,0.0,0.0,0.0,3191298.0940240896,-116.35000000000002,14917304.382002361,-0.011345236693000693,1.491730438200233
2014-10-10,0.0,5160599.607498131,5776800.451371805,0.0,0.0,0.0,0.0,3976830.3840240897,-125.30000000000003,14914230.442894027,-0.00020606532049072257,1.4914230442893994
2014-10-13,0.0,5054899.07525843,5724154.651419486,0.0,0.0,0.0,0.0,3976830.3840240897,-125.30000000000003,14755884.110702004,-0.01061713058533753,1.4755884110701973
2014-10-14,0.0,5168090.1963970065,5831101.779624513,0.0,0.0,0.0,0.0,3976830.3840240897,-125.30000000000003,14976022.360045608,0.014918675674874926,1.4976022360045576
2014-10-15,0.0,5047408.486359554,5800640.058897384,0.0,0.0,0.0,0.0,3976830.3840240897,-125.30000000000003,14824878.92928103,-0.010092361451583542,1.4824878929280998
2014-10-16,0.0,5060308.94501873,5785078.092873743,0.0,0.0,0.0,0.0,3976830.3840240897,-125.30000000000003,14822217.421916563,-0.0001795297875391011,1.482221742191653
2014-10-17,0.0,5178493.792089892,5835406.15320552,0.0,0.0,0.0,0.0,3976830.3840240897,-125.30000000000003,14990730.329319501,0.011368940463237998,1.4990730329319468
2014-10-20,0.0,5188065.100127345,5811897.651340018,0.0,0.0,0.0,0.0,3976830.3840240897,-125.30000000000003,14976793.135491453,-0.0009297208022472914,1.497679313549142
2014-10-21,0.0,5248822.098973787,5715214.7985973945,0.0,669758.88,0.0,0.0,3314312.9540240895,-134.25000000000003,14948108.731595272,-0.0019152567333127202,1.4948108731595238
2014-10-22,0.0,5206375.428546822,5827790.723023737,0.0,677607.12,0.0,0.0,3314312.9540240895,-134.25000000000003,15026086.225594647,0.005216545811882911,1.502608622559461
2014-10-23,0.0,5376578.254082401,5982085.960619843,0.0,691942.5599999999,0.0,0.0,3314312.9540240895,-134.25000000000003,15364919.728726335,0.02254968446504302,1.5364919728726298
2014-10-24,0.0,5442745.122689144,6003938.934184957,0.0,686600.1599999999,0.0,0.0,3314312.9540240895,-134.25000000000003,15447597.170898192,0.005380922493027018,1.5447597170898157
2014-10-24,0.0,5509726.27396682,6025871.738173235,0.0,681299.0079870583,0.0,0.0,3314312.9540240895,-134.25000000000003,15531209.974151203,0.005412673720579075,1.553120997415117
